purpose	model	status	input_tokens	output_tokens	latency_ms	created_at
story_generate	glm-4-flash	fallback	0	0	0	2026-09-16 19:26:52
story_generate	glm-4-flash	fallback	0	0	0	2026-09-16 19:27:26
story_generate	glm-4-flash	fallback	0	0	0	2026-09-16 20:25:29
story_generate	glm-4-flash	fallback	0	0	0	2026-09-16 20:25:39
story_generate	glm-4-flash	fallback	0	0	0	2026-09-16 21:24:04
story_generate	glm-4-flash	fallback	0	0	0	2026-09-17 20:34:21
story_generate	glm-4-flash	fallback	0	0	0	2026-09-18 12:43:16
image_gen	glm-4-flash	error	0	0	0	2026-09-18 12:58:23
page_polish	glm-4-flash	success	165	44	2867	2026-09-18 13:17:32
story_generate	glm-4-flash	success	705	577	26686	2026-09-18 13:18:42
story_generate	glm-4-flash	success	671	630	42523	2026-09-18 13:30:40
image_gen	glm-4-flash	success	0	0	8140	2026-09-18 13:31:01
story_generate	glm-4-flash	success	735	535	28662	2026-09-18 13:33:57
image_gen	glm-4-flash	success	0	0	8297	2026-09-18 14:20:03
image_gen	glm-4-flash	success	0	0	7427	2026-09-18 14:20:58
character_extract	glm-4-flash	success	309	147	9830	2026-09-18 14:54:11
character_extract	glm-4-flash	success	342	147	8672	2026-09-18 14:55:20
image_gen	sdwebui-guofeng3	error	0	0	2042	2026-09-18 14:55:23
image_gen	cogview	success	0	0	9272	2026-09-18 14:55:32
image_gen	sdwebui-guofeng3	success	0	0	26973	2026-09-19 14:58:49
story_generate	glm-4-flash	success	834	727	33214	2026-09-19 15:10:39
story_generate	glm-4-flash	success	757	693	42456	2026-09-19 15:21:15
image_gen	sdwebui-guofeng3	success	0	0	42007	2026-09-19 15:59:30
image_gen	sdwebui-guofeng3	success	0	0	56667	2026-09-19 16:08:10
image_gen	sdwebui-guofeng3	error	0	0	45811	2026-09-19 16:15:42
image_gen	cogview	success	0	0	9840	2026-09-19 16:15:51
image_gen	sdwebui-guofeng3	error	0	0	57256	2026-09-19 16:18:26
image_gen	cogview	success	0	0	10098	2026-09-19 16:18:36
image_gen	sdwebui-guofeng3	success	0	0	65064	2026-09-19 16:25:01
image_gen	sdwebui-guofeng3	success	0	0	57212	2026-09-19 16:27:58
image_gen	sdwebui-guofeng3	success	0	0	58032	2026-09-19 18:45:38
prompt_translate	glm-4-flash	success	91	19	2648	2026-09-19 18:53:30
image_gen	sdwebui-guofeng3	success	0	0	56956	2026-09-19 18:54:27
prompt_translate	glm-4-flash	success	90	34	2204	2026-09-19 18:55:33
image_gen	sdwebui-guofeng3	success	0	0	57130	2026-09-19 18:56:31
prompt_translate	glm-4-flash	success	188	45	3052	2026-09-19 19:04:19
image_gen	sdwebui-guofeng3	success	0	0	57022	2026-09-19 19:05:16
prompt_translate	glm-4-flash	success	242	46	4343	2026-09-19 19:07:26
image_gen	sdwebui-guofeng3	success	0	0	13739	2026-09-19 19:07:39
prompt_translate	glm-4-flash	success	291	29	2388	2026-09-19 19:09:16
image_gen	sdwebui-guofeng3	success	0	0	13571	2026-09-19 19:09:29
image_gen	sdwebui-guofeng3	success	0	0	24380	2026-09-19 19:25:29
image_gen	sdwebui-guofeng3	success	0	0	13734	2026-09-19 19:31:35
image_gen	sdwebui-guofeng3	success	0	0	14675	2026-09-19 19:44:42
image_gen	sdwebui-guofeng3	success	0	0	31631	2026-09-20 12:44:19
prompt_translate	glm-4-flash	success	298	43	2428	2026-09-20 12:57:02
image_gen	sdwebui-guofeng3	success	0	0	53018	2026-09-20 12:57:55
prompt_translate	glm-4-flash	success	288	30	2565	2026-09-20 13:01:12
image_gen	sdwebui-guofeng3	success	0	0	52599	2026-09-20 13:02:04
prompt_translate	glm-4-flash	success	293	45	3393	2026-09-20 13:02:08
image_gen	sdwebui-guofeng3	success	0	0	52726	2026-09-20 13:03:01
prompt_translate	glm-4-flash	success	290	44	3316	2026-09-20 13:03:05
image_gen	sdwebui-guofeng3	success	0	0	52716	2026-09-20 13:03:58
prompt_translate	glm-4-flash	success	292	33	3211	2026-09-20 13:04:01
image_gen	sdwebui-guofeng3	success	0	0	52366	2026-09-20 13:04:54
prompt_translate	glm-4-flash	success	298	47	2779	2026-09-20 13:05:33
image_gen	sdwebui-guofeng3	success	0	0	52864	2026-09-20 13:06:26
prompt_translate	glm-4-flash	success	313	44	3295	2026-09-20 13:07:28
image_gen	sdwebui-guofeng3	success	0	0	52806	2026-09-20 13:08:21
prompt_translate	glm-4-flash	success	356	29	2475	2026-09-20 13:17:10
image_gen	sdwebui-guofeng3	success	0	0	52518	2026-09-20 13:18:02
prompt_translate	glm-4-flash	success	361	48	3761	2026-09-20 13:18:06
image_gen	sdwebui-guofeng3	success	0	0	53015	2026-09-20 13:19:00
prompt_translate	glm-4-flash	success	358	46	2890	2026-09-20 13:19:03
image_gen	sdwebui-guofeng3	success	0	0	52754	2026-09-20 13:19:56
prompt_translate	glm-4-flash	success	360	34	2371	2026-09-20 13:19:58
image_gen	sdwebui-guofeng3	success	0	0	9590	2026-09-20 13:20:08
prompt_translate	glm-4-flash	success	366	45	2431	2026-09-20 13:20:11
image_gen	sdwebui-guofeng3	success	0	0	53167	2026-09-20 13:21:04
prompt_translate	glm-4-flash	success	444	44	5943	2026-09-20 13:21:44
image_gen	sdwebui-guofeng3	success	0	0	52765	2026-09-20 13:22:37
prompt_translate	glm-4-flash	success	444	46	4580	2026-09-20 13:24:18
image_gen	sdwebui-guofeng3	success	0	0	9499	2026-09-20 13:24:28
prompt_translate	glm-4-flash	success	460	46	2322	2026-09-20 13:31:39
image_gen	sdwebui-guofeng3	success	0	0	52825	2026-09-20 13:32:32
prompt_translate	glm-4-flash	success	457	30	3285	2026-09-20 13:32:36
image_gen	sdwebui-guofeng3	success	0	0	9351	2026-09-20 13:32:45
image_gen	sdwebui-guofeng3	success	0	0	52917	2026-09-20 13:39:16
character_extract	glm-4-flash	success	355	272	16033	2026-09-20 13:41:33
character_extract	glm-4-flash	success	349	145	7925	2026-09-20 13:41:41
character_extract	glm-4-flash	success	362	105	6964	2026-09-20 13:41:48
character_extract	glm-4-flash	success	345	188	9632	2026-09-20 13:41:59
character_extract	glm-4-flash	success	357	158	9428	2026-09-20 13:42:08
prompt_translate	glm-4-flash	success	454	40	2999	2026-09-20 13:42:41
image_gen	sdwebui-guofeng3	success	0	0	10671	2026-09-20 13:42:51
prompt_translate	glm-4-flash	success	445	34	2894	2026-09-20 13:42:55
image_gen	sdwebui-guofeng3	success	0	0	9551	2026-09-20 13:43:04
prompt_translate	glm-4-flash	success	450	33	2535	2026-09-20 13:43:07
image_gen	sdwebui-guofeng3	success	0	0	10534	2026-09-20 13:43:18
prompt_translate	glm-4-flash	success	450	36	2654	2026-09-20 13:43:21
image_gen	sdwebui-guofeng3	success	0	0	9478	2026-09-20 13:43:30
prompt_translate	glm-4-flash	success	443	31	2628	2026-09-20 13:44:00
image_gen	sdwebui-guofeng3	success	0	0	9544	2026-09-20 13:44:09
prompt_translate	glm-4-flash	success	447	41	3157	2026-09-20 13:44:13
image_gen	sdwebui-guofeng3	success	0	0	10560	2026-09-20 13:44:23
prompt_translate	glm-4-flash	success	449	36	3621	2026-09-20 13:44:27
image_gen	sdwebui-guofeng3	success	0	0	10705	2026-09-20 13:44:38
prompt_translate	glm-4-flash	success	453	47	3364	2026-09-20 13:44:42
image_gen	sdwebui-guofeng3	success	0	0	10508	2026-09-20 13:44:52
prompt_translate	glm-4-flash	success	447	41	3690	2026-09-20 13:45:05
image_gen	sdwebui-guofeng3	success	0	0	10317	2026-09-20 13:45:15
prompt_translate	glm-4-flash	success	448	30	2886	2026-09-20 13:45:18
image_gen	sdwebui-guofeng3	success	0	0	9527	2026-09-20 13:45:28
prompt_translate	glm-4-flash	success	448	33	3029	2026-09-20 13:45:31
image_gen	sdwebui-guofeng3	success	0	0	10317	2026-09-20 13:45:42
prompt_translate	glm-4-flash	success	445	30	2140	2026-09-20 13:45:44
image_gen	sdwebui-guofeng3	success	0	0	10393	2026-09-20 13:45:55
prompt_translate	glm-4-flash	success	448	30	2316	2026-09-20 13:46:08
image_gen	sdwebui-guofeng3	success	0	0	10400	2026-09-20 13:46:18
prompt_translate	glm-4-flash	success	450	35	2277	2026-09-20 13:46:21
image_gen	sdwebui-guofeng3	success	0	0	10409	2026-09-20 13:46:32
prompt_translate	glm-4-flash	success	458	43	3251	2026-09-20 13:46:35
image_gen	sdwebui-guofeng3	success	0	0	9740	2026-09-20 13:46:45
prompt_translate	glm-4-flash	success	454	44	3282	2026-09-20 13:46:49
image_gen	sdwebui-guofeng3	success	0	0	9763	2026-09-20 13:46:58
prompt_translate	glm-4-flash	success	451	43	2994	2026-09-20 13:47:14
image_gen	sdwebui-guofeng3	success	0	0	9662	2026-09-20 13:47:23
prompt_translate	glm-4-flash	success	449	45	3667	2026-09-20 13:47:27
image_gen	sdwebui-guofeng3	success	0	0	9829	2026-09-20 13:47:37
prompt_translate	glm-4-flash	success	446	32	2422	2026-09-20 13:47:40
image_gen	sdwebui-guofeng3	success	0	0	9729	2026-09-20 13:47:50
prompt_translate	glm-4-flash	success	449	39	3488	2026-09-20 13:47:54
image_gen	sdwebui-guofeng3	success	0	0	9648	2026-09-20 13:48:03
prompt_translate	glm-4-flash	success	445	29	2846	2026-09-20 13:48:48
image_gen	sdwebui-guofeng3	success	0	0	9549	2026-09-20 13:48:58
prompt_translate	glm-4-flash	success	452	35	2406	2026-09-20 13:49:01
image_gen	sdwebui-guofeng3	success	0	0	10327	2026-09-20 13:49:11
prompt_translate	glm-4-flash	success	447	41	2412	2026-09-20 13:49:14
image_gen	sdwebui-guofeng3	success	0	0	10570	2026-09-20 13:49:25
prompt_translate	glm-4-flash	success	446	35	3193	2026-09-20 13:49:28
image_gen	sdwebui-guofeng3	success	0	0	9460	2026-09-20 13:49:38
prompt_translate	glm-4-flash	success	444	43	4327	2026-09-20 13:49:58
image_gen	sdwebui-guofeng3	success	0	0	10625	2026-09-20 13:50:09
prompt_translate	glm-4-flash	success	441	40	2707	2026-09-20 13:50:12
image_gen	sdwebui-guofeng3	success	0	0	10670	2026-09-20 13:50:22
prompt_translate	glm-4-flash	success	441	38	1931	2026-09-20 13:50:25
image_gen	sdwebui-guofeng3	success	0	0	10650	2026-09-20 13:50:36
prompt_translate	glm-4-flash	success	445	32	2837	2026-09-20 13:50:39
image_gen	sdwebui-guofeng3	success	0	0	10634	2026-09-20 13:50:49
prompt_translate	glm-4-flash	success	453	37	3823	2026-09-20 13:51:38
image_gen	sdwebui-guofeng3	success	0	0	9521	2026-09-20 13:51:48
prompt_translate	glm-4-flash	success	450	49	5208	2026-09-20 13:51:53
image_gen	sdwebui-guofeng3	success	0	0	10440	2026-09-20 13:52:04
prompt_translate	glm-4-flash	success	443	33	2323	2026-09-20 13:52:07
image_gen	sdwebui-guofeng3	success	0	0	9565	2026-09-20 13:52:16
image_gen	sdwebui-guofeng3	success	0	0	10459	2026-09-20 13:54:15
image_gen	sdwebui-guofeng3	success	0	0	10536	2026-09-20 13:54:26
image_gen	sdwebui-guofeng3	success	0	0	10534	2026-09-20 13:54:37
image_gen	sdwebui-guofeng3	success	0	0	10417	2026-09-20 13:54:48
image_gen	sdwebui-guofeng3	success	0	0	10468	2026-09-20 13:54:59
image_gen	sdwebui-guofeng3	success	0	0	10193	2026-09-20 14:06:52
image_gen	sdwebui-guofeng3	success	0	0	9949	2026-09-20 14:07:02
image_gen	sdwebui-guofeng3	success	0	0	9878	2026-09-20 14:07:13
image_gen	sdwebui-guofeng3	success	0	0	9874	2026-09-20 14:10:25
image_gen	sdwebui-guofeng3	success	0	0	9438	2026-09-20 14:10:35
image_gen	sdwebui-guofeng3	success	0	0	10098	2026-09-20 14:10:46
image_gen	sdwebui-guofeng3	success	0	0	9635	2026-09-20 14:18:44
image_gen	sdwebui-guofeng3	success	0	0	9731	2026-09-20 14:18:54
image_gen	sdwebui-guofeng3	success	0	0	9842	2026-09-20 14:19:05
image_gen	sdwebui-guofeng3	success	0	0	10071	2026-09-20 14:19:15
image_gen	sdwebui-guofeng3	success	0	0	10226	2026-09-20 14:19:26
image_gen	sdwebui-guofeng3	success	0	0	10232	2026-09-20 14:19:37
image_gen	sdwebui-guofeng3	success	0	0	9562	2026-09-20 14:21:51
image_gen	sdwebui-guofeng3	success	0	0	10244	2026-09-20 14:22:02
image_gen	sdwebui-guofeng3	success	0	0	9550	2026-09-20 14:22:12
image_gen	sdwebui-guofeng3	success	0	0	9515	2026-09-20 14:22:22
image_gen	sdwebui-guofeng3	success	0	0	10246	2026-09-20 14:22:33
image_gen	sdwebui-guofeng3	success	0	0	10256	2026-09-20 14:22:44
image_gen	sdwebui-guofeng3	success	0	0	10563	2026-09-20 14:30:10
image_gen	sdwebui-guofeng3	success	0	0	10554	2026-09-20 14:30:21
image_gen	sdwebui-guofeng3	success	0	0	10578	2026-09-20 14:30:32
image_gen	sdwebui-guofeng3	success	0	0	10695	2026-09-20 14:30:43
image_gen	sdwebui-guofeng3	success	0	0	10722	2026-09-20 14:30:54
image_gen	sdwebui-guofeng3	success	0	0	10833	2026-09-20 14:31:06
image_gen	sdwebui-guofeng3	success	0	0	10340	2026-09-20 14:31:29
image_gen	sdwebui-guofeng3	success	0	0	10441	2026-09-20 14:31:40
image_gen	sdwebui-guofeng3	success	0	0	10414	2026-09-20 14:31:51
image_gen	sdwebui-guofeng3	success	0	0	10793	2026-09-20 14:32:02
image_gen	sdwebui-guofeng3	success	0	0	10577	2026-09-20 14:32:13
image_gen	sdwebui-guofeng3	success	0	0	10511	2026-09-20 14:32:24
image_gen	sdwebui-guofeng3	success	0	0	9594	2026-09-20 14:42:34
image_gen	sdwebui-guofeng3	success	0	0	9493	2026-09-20 14:42:44
image_gen	sdwebui-guofeng3	success	0	0	9545	2026-09-20 14:42:54
image_gen	sdwebui-guofeng3	success	0	0	9564	2026-09-20 14:43:04
image_gen	sdwebui-guofeng3	success	0	0	9580	2026-09-20 14:43:14
prompt_translate	glm-4-flash	success	511	30	2980	2026-09-21 17:16:21
image_gen	sdwebui-guofeng3	success	0	0	19800	2026-09-21 17:16:41
prompt_translate	glm-4-flash	success	509	35	3444	2026-09-21 17:16:45
image_gen	sdwebui-guofeng3	success	0	0	14023	2026-09-21 17:16:59
prompt_translate	glm-4-flash	success	506	32	2463	2026-09-21 17:17:02
image_gen	sdwebui-guofeng3	success	0	0	13341	2026-09-21 17:17:15
prompt_translate	glm-4-flash	success	504	38	4822	2026-09-21 17:17:32
image_gen	sdwebui-guofeng3	success	0	0	13855	2026-09-21 17:17:46
prompt_translate	glm-4-flash	success	504	28	2441	2026-09-21 17:17:48
image_gen	sdwebui-guofeng3	success	0	0	13788	2026-09-21 17:18:02
prompt_translate	glm-4-flash	success	504	29	2223	2026-09-21 17:29:19
image_gen	sdwebui-guofeng3	success	0	0	12594	2026-09-21 17:29:32
prompt_translate	glm-4-flash	success	501	45	5201	2026-09-21 17:29:38
image_gen	sdwebui-guofeng3	success	0	0	13876	2026-09-21 17:29:51
prompt_translate	glm-4-flash	success	509	36	2643	2026-09-21 17:34:25
image_gen	sdwebui-guofeng3	success	0	0	57173	2026-09-21 17:35:22
image_gen	sdwebui-guofeng3	success	0	0	57259	2026-09-21 17:36:20
image_gen	sdwebui-guofeng3	success	0	0	56573	2026-09-21 17:37:17
image_gen	sdwebui-guofeng3	success	0	0	57316	2026-09-21 17:38:15
image_gen	sdwebui-guofeng3	success	0	0	57238	2026-09-21 17:39:13
prompt_translate	glm-4-flash	success	511	42	3263	2026-09-21 17:44:06
image_gen	sdwebui-guofeng3	success	0	0	55368	2026-09-21 17:45:01
prompt_translate	glm-4-flash	success	509	40	3746	2026-09-21 17:45:05
image_gen	sdwebui-guofeng3	success	0	0	55555	2026-09-21 17:46:01
prompt_translate	glm-4-flash	success	509	40	4239	2026-09-21 17:46:06
image_gen	sdwebui-guofeng3	success	0	0	55393	2026-09-21 17:47:01
prompt_translate	glm-4-flash	success	505	29	1747	2026-09-21 17:47:03
image_gen	sdwebui-guofeng3	success	0	0	55427	2026-09-21 17:47:59
image_gen	sdwebui-guofeng3	success	0	0	56789	2026-09-21 17:49:07
image_gen	sdwebui-guofeng3	success	0	0	56398	2026-09-21 17:50:04
image_gen	sdwebui-guofeng3	success	0	0	56230	2026-09-21 17:51:01
image_gen	sdwebui-guofeng3	success	0	0	56181	2026-09-21 17:51:58
image_gen	sdwebui-guofeng3	success	0	0	55424	2026-09-21 17:55:04
image_gen	sdwebui-guofeng3	success	0	0	55853	2026-09-21 17:56:01
story_generate	glm-4-flash	success	757	715	40261	2026-09-21 17:58:01
image_gen	sdwebui-guofeng3	success	0	0	13188	2026-09-21 18:15:42
image_gen	sdwebui-guofeng3	success	0	0	12995	2026-09-21 18:15:55
image_gen	sdwebui-guofeng3	success	0	0	13073	2026-09-21 18:16:09
image_gen	sdwebui-guofeng3	success	0	0	12488	2026-09-21 18:16:22
prompt_translate	glm-4-flash	success	514	41	3227	2026-09-21 18:21:45
image_gen	sdwebui-guofeng3	success	0	0	14214	2026-09-21 18:21:59
prompt_translate	glm-4-flash	success	505	31	2139	2026-09-21 18:22:03
image_gen	sdwebui-guofeng3	success	0	0	14483	2026-09-21 18:22:17
prompt_translate	glm-4-flash	success	510	36	4167	2026-09-21 18:22:23
image_gen	sdwebui-guofeng3	success	0	0	14479	2026-09-21 18:22:37
prompt_translate	glm-4-flash	success	510	32	4821	2026-09-21 18:22:43
image_gen	sdwebui-guofeng3	success	0	0	14305	2026-09-21 18:22:58
prompt_translate	glm-4-flash	success	503	31	2164	2026-09-21 18:23:01
image_gen	sdwebui-guofeng3	success	0	0	13743	2026-09-21 18:23:15
prompt_translate	glm-4-flash	success	507	45	3769	2026-09-21 18:23:19
image_gen	sdwebui-guofeng3	success	0	0	56119	2026-09-21 18:24:15
prompt_translate	glm-4-flash	success	509	36	2001	2026-09-21 18:24:17
image_gen	sdwebui-guofeng3	success	0	0	56253	2026-09-21 18:25:14
image_gen	sdwebui-guofeng3	success	0	0	13296	2026-09-21 18:26:30
image_gen	sdwebui-guofeng3	success	0	0	13050	2026-09-21 18:26:43
image_gen	sdwebui-guofeng3	success	0	0	13394	2026-09-21 18:26:57
image_gen	sdwebui-guofeng3	success	0	0	13366	2026-09-21 18:27:11
prompt_translate	glm-4-flash	success	506	44	2665	2026-09-21 18:27:40
image_gen	sdwebui-guofeng3	success	0	0	13032	2026-09-21 18:27:53
image_gen	sdwebui-guofeng3	success	0	0	56200	2026-09-21 18:34:48
image_gen	sdwebui-guofeng3	success	0	0	25707	2026-09-21 18:35:37
image_gen	sdwebui-guofeng3	success	0	0	55886	2026-09-21 18:36:38
image_gen	sdwebui-guofeng3	success	0	0	56328	2026-09-21 18:37:46
image_gen	sdwebui-guofeng3	success	0	0	16275	2026-09-21 18:38:10
image_gen	sdwebui-guofeng3	success	0	0	55982	2026-09-21 18:39:13
prompt_translate	glm-4-flash	success	518	43	4089	2026-09-21 18:47:09
image_gen	sdwebui-guofeng3	success	0	0	55817	2026-09-21 18:48:05
prompt_translate	glm-4-flash	success	514	53	3938	2026-09-21 18:48:09
image_gen	sdwebui-guofeng3	success	0	0	56133	2026-09-21 18:49:05
image_gen	sdwebui-guofeng3	success	0	0	55705	2026-09-21 18:50:02
image_gen	sdwebui-guofeng3	success	0	0	55779	2026-09-21 18:50:58
image_gen	sdwebui-guofeng3	success	0	0	55785	2026-09-21 18:51:54
image_gen	sdwebui-guofeng3	success	0	0	55602	2026-09-21 18:52:50
image_gen	sdwebui-guofeng3	success	0	0	57249	2026-09-21 18:54:03
image_gen	sdwebui-guofeng3	success	0	0	56668	2026-09-21 18:55:00
image_gen	sdwebui-guofeng3	success	0	0	56694	2026-09-21 18:55:58
image_gen	sdwebui-guofeng3	success	0	0	57322	2026-09-21 18:56:55
image_gen	sdwebui-guofeng3	success	0	0	61780	2026-09-21 18:57:58
image_gen	sdwebui-guofeng3	success	0	0	56800	2026-09-21 18:58:55
image_gen	sdwebui-guofeng3	success	0	0	56340	2026-09-21 19:02:51
image_gen	sdwebui-guofeng3	success	0	0	55868	2026-09-21 19:03:47
image_gen	sdwebui-guofeng3	success	0	0	56358	2026-09-21 19:04:44
prompt_translate	glm-4-flash	success	512	41	3276	2026-09-21 19:04:48
image_gen	sdwebui-guofeng3	success	0	0	55961	2026-09-21 19:05:44
image_gen	sdwebui-guofeng3	success	0	0	56324	2026-09-21 19:06:41
image_gen	sdwebui-guofeng3	success	0	0	55514	2026-09-21 19:07:37
image_gen	sdwebui-guofeng3	success	0	0	13096	2026-09-21 19:07:50
image_gen	sdwebui-guofeng3	success	0	0	56156	2026-09-21 19:08:47
image_gen	sdwebui-guofeng3	success	0	0	55542	2026-09-21 19:10:09
image_gen	sdwebui-guofeng3	success	0	0	56007	2026-09-21 19:11:06
image_gen	sdwebui-guofeng3	success	0	0	56829	2026-09-21 19:18:08
image_gen	sdwebui-guofeng3	success	0	0	57957	2026-09-21 19:19:07
image_gen	sdwebui-guofeng3	success	0	0	56789	2026-09-21 19:20:04
image_gen	sdwebui-guofeng3	success	0	0	56531	2026-09-21 19:21:01
image_gen	sdwebui-guofeng3	success	0	0	58382	2026-09-21 19:22:00
image_gen	sdwebui-guofeng3	success	0	0	56355	2026-09-21 19:22:57
image_gen	sdwebui-guofeng3	success	0	0	55667	2026-09-21 19:23:53
image_gen	sdwebui-guofeng3	success	0	0	55662	2026-09-21 19:24:49
image_gen	sdwebui-guofeng3	success	0	0	55959	2026-09-21 19:25:45
image_gen	sdwebui-guofeng3	success	0	0	55083	2026-09-21 19:26:41
image_gen	sdwebui-guofeng3	success	0	0	56223	2026-09-21 19:27:37
image_gen	sdwebui-guofeng3	success	0	0	54919	2026-09-21 19:28:33
image_gen	sdwebui-guofeng3	success	0	0	56736	2026-09-21 19:31:05
image_gen	sdwebui-guofeng3	success	0	0	56835	2026-09-21 19:32:13
image_gen	sdwebui-guofeng3	success	0	0	57212	2026-09-21 19:33:15
image_gen	sdwebui-guofeng3	success	0	0	57176	2026-09-21 19:34:22
image_gen	sdwebui-guofeng3	success	0	0	56560	2026-09-21 19:35:28
image_gen	sdwebui-guofeng3	success	0	0	56347	2026-09-21 19:36:34
image_gen	sdwebui-guofeng3	success	0	0	55624	2026-09-21 19:37:40
image_gen	sdwebui-guofeng3	success	0	0	55561	2026-09-21 19:38:45
image_gen	sdwebui-guofeng3	success	0	0	55508	2026-09-21 19:39:45
image_gen	sdwebui-guofeng3	success	0	0	55383	2026-09-21 19:40:52
image_gen	sdwebui-guofeng3	success	0	0	38528	2026-09-21 19:41:42
image_gen	sdwebui-guofeng3	success	0	0	56164	2026-09-21 19:42:50
image_gen	sdwebui-guofeng3	success	0	0	13597	2026-09-21 19:43:13
image_gen	sdwebui-guofeng3	success	0	0	57258	2026-09-21 19:44:21
image_gen	sdwebui-guofeng3	success	0	0	13009	2026-09-21 20:00:26
