id,purpose,model,status,input_tokens,output_tokens,latency_ms,http_status,error_msg,target_type,target_id,created_at
326,story_generate,glm-4-flash,success,757,669,39065,200,,story,17,"2026-10-03 16:44:20"
325,image_gen,cogview,success,0,0,10621,200,,story,16,"2026-09-26 20:56:08"
324,image_gen,sdwebui-guofeng3,error,0,0,2011,,"Failed to connect to 127.0.0.1 port 7860: Connection refused",story,16,"2026-09-26 20:55:58"
323,prompt_translate,glm-4-flash,success,528,47,4001,200,,story,16,"2026-09-26 20:55:56"
322,image_gen,cogview,success,0,0,11071,200,,story,16,"2026-09-26 20:55:49"
321,image_gen,sdwebui-guofeng3,error,0,0,2028,,"Failed to connect to 127.0.0.1 port 7860: Connection refused",story,16,"2026-09-26 20:55:38"
320,prompt_translate,glm-4-flash,success,528,46,5527,200,,story,16,"2026-09-26 20:55:36"
319,image_gen,cogview,success,0,0,9925,200,,story,16,"2026-09-26 20:55:27"
318,image_gen,sdwebui-guofeng3,error,0,0,2037,,"Failed to connect to 127.0.0.1 port 7860: Connection refused",story,16,"2026-09-26 20:55:17"
317,prompt_translate,glm-4-flash,success,528,47,3128,200,,story,16,"2026-09-26 20:55:15"
316,image_gen,cogview,success,0,0,11214,200,,story,16,"2026-09-26 20:55:11"
315,image_gen,sdwebui-guofeng3,error,0,0,2025,,"Failed to connect to 127.0.0.1 port 7860: Connection refused",story,16,"2026-09-26 20:55:00"
314,prompt_translate,glm-4-flash,success,528,47,4510,200,,story,16,"2026-09-26 20:54:58"
313,image_gen,cogview,success,0,0,10744,200,,story,16,"2026-09-26 20:54:49"
312,image_gen,sdwebui-guofeng3,error,0,0,2046,,"Failed to connect to 127.0.0.1 port 7860: Connection refused",story,16,"2026-09-26 20:54:39"
311,prompt_translate,glm-4-flash,success,528,47,3809,200,,story,16,"2026-09-26 20:54:37"
310,image_gen,cogview,success,0,0,10102,200,,story,16,"2026-09-26 20:54:31"
309,image_gen,sdwebui-guofeng3,error,0,0,2032,,"Failed to connect to 127.0.0.1 port 7860: Connection refused",story,16,"2026-09-26 20:54:21"
308,prompt_translate,glm-4-flash,success,528,47,3866,200,,story,16,"2026-09-26 20:54:19"
307,image_gen,cogview,success,0,0,10836,200,,story,16,"2026-09-26 20:54:13"
306,image_gen,sdwebui-guofeng3,error,0,0,2024,,"Failed to connect to 127.0.0.1 port 7860: Connection refused",story,16,"2026-09-26 20:54:02"
305,prompt_translate,glm-4-flash,success,528,46,3511,200,,story,16,"2026-09-26 20:54:00"
304,story_generate,glm-4-flash,success,818,606,39871,200,,story,16,"2026-09-26 20:51:17"
303,story_generate,glm-4-flash,success,757,744,38686,200,,story,15,"2026-09-26 16:27:47"
302,image_gen,sdwebui-guofeng3,success,0,0,13009,200,,story,6,"2026-09-21 20:00:26"
301,image_gen,sdwebui-guofeng3,success,0,0,57258,200,,story,7,"2026-09-21 19:44:21"
300,image_gen,sdwebui-guofeng3,success,0,0,13597,200,,story,7,"2026-09-21 19:43:13"
299,image_gen,sdwebui-guofeng3,success,0,0,56164,200,,story,7,"2026-09-21 19:42:50"
298,image_gen,sdwebui-guofeng3,success,0,0,38528,200,,story,7,"2026-09-21 19:41:42"
297,image_gen,sdwebui-guofeng3,success,0,0,55383,200,,story,7,"2026-09-21 19:40:52"
296,image_gen,sdwebui-guofeng3,success,0,0,55508,200,,story,6,"2026-09-21 19:39:45"
295,image_gen,sdwebui-guofeng3,success,0,0,55561,200,,story,6,"2026-09-21 19:38:45"
294,image_gen,sdwebui-guofeng3,success,0,0,55624,200,,story,6,"2026-09-21 19:37:40"
293,image_gen,sdwebui-guofeng3,success,0,0,56347,200,,story,5,"2026-09-21 19:36:34"
292,image_gen,sdwebui-guofeng3,success,0,0,56560,200,,story,5,"2026-09-21 19:35:28"
291,image_gen,sdwebui-guofeng3,success,0,0,57176,200,,story,5,"2026-09-21 19:34:22"
290,image_gen,sdwebui-guofeng3,success,0,0,57212,200,,story,5,"2026-09-21 19:33:15"
289,image_gen,sdwebui-guofeng3,success,0,0,56835,200,,story,5,"2026-09-21 19:32:13"
288,image_gen,sdwebui-guofeng3,success,0,0,56736,200,,story,5,"2026-09-21 19:31:05"
287,image_gen,sdwebui-guofeng3,success,0,0,54919,200,,story,4,"2026-09-21 19:28:33"
286,image_gen,sdwebui-guofeng3,success,0,0,56223,200,,story,4,"2026-09-21 19:27:37"
285,image_gen,sdwebui-guofeng3,success,0,0,55083,200,,story,4,"2026-09-21 19:26:41"
284,image_gen,sdwebui-guofeng3,success,0,0,55959,200,,story,4,"2026-09-21 19:25:45"
283,image_gen,sdwebui-guofeng3,success,0,0,55662,200,,story,4,"2026-09-21 19:24:49"
282,image_gen,sdwebui-guofeng3,success,0,0,55667,200,,story,4,"2026-09-21 19:23:53"
281,image_gen,sdwebui-guofeng3,success,0,0,56355,200,,story,3,"2026-09-21 19:22:57"
280,image_gen,sdwebui-guofeng3,success,0,0,58382,200,,story,3,"2026-09-21 19:22:00"
279,image_gen,sdwebui-guofeng3,success,0,0,56531,200,,story,3,"2026-09-21 19:21:01"
278,image_gen,sdwebui-guofeng3,success,0,0,56789,200,,story,3,"2026-09-21 19:20:04"
277,image_gen,sdwebui-guofeng3,success,0,0,57957,200,,story,3,"2026-09-21 19:19:07"
276,image_gen,sdwebui-guofeng3,success,0,0,56829,200,,story,3,"2026-09-21 19:18:08"
275,image_gen,sdwebui-guofeng3,success,0,0,56007,200,,story,2,"2026-09-21 19:11:06"
274,image_gen,sdwebui-guofeng3,success,0,0,55542,200,,story,2,"2026-09-21 19:10:09"
273,image_gen,sdwebui-guofeng3,success,0,0,56156,200,,story,7,"2026-09-21 19:08:47"
272,image_gen,sdwebui-guofeng3,success,0,0,13096,200,,story,7,"2026-09-21 19:07:50"
271,image_gen,sdwebui-guofeng3,success,0,0,55514,200,,story,7,"2026-09-21 19:07:37"
270,image_gen,sdwebui-guofeng3,success,0,0,56324,200,,story,7,"2026-09-21 19:06:41"
269,image_gen,sdwebui-guofeng3,success,0,0,55961,200,,story,7,"2026-09-21 19:05:44"
268,prompt_translate,glm-4-flash,success,512,41,3276,200,,story,7,"2026-09-21 19:04:48"
267,image_gen,sdwebui-guofeng3,success,0,0,56358,200,,story,6,"2026-09-21 19:04:44"
266,image_gen,sdwebui-guofeng3,success,0,0,55868,200,,story,6,"2026-09-21 19:03:47"
265,image_gen,sdwebui-guofeng3,success,0,0,56340,200,,story,6,"2026-09-21 19:02:51"
264,image_gen,sdwebui-guofeng3,success,0,0,56800,200,,story,5,"2026-09-21 18:58:55"
263,image_gen,sdwebui-guofeng3,success,0,0,61780,200,,story,5,"2026-09-21 18:57:58"
262,image_gen,sdwebui-guofeng3,success,0,0,57322,200,,story,5,"2026-09-21 18:56:55"
261,image_gen,sdwebui-guofeng3,success,0,0,56694,200,,story,5,"2026-09-21 18:55:58"
260,image_gen,sdwebui-guofeng3,success,0,0,56668,200,,story,5,"2026-09-21 18:55:00"
259,image_gen,sdwebui-guofeng3,success,0,0,57249,200,,story,5,"2026-09-21 18:54:03"
258,image_gen,sdwebui-guofeng3,success,0,0,55602,200,,story,4,"2026-09-21 18:52:50"
257,image_gen,sdwebui-guofeng3,success,0,0,55785,200,,story,4,"2026-09-21 18:51:54"
256,image_gen,sdwebui-guofeng3,success,0,0,55779,200,,story,4,"2026-09-21 18:50:58"
255,image_gen,sdwebui-guofeng3,success,0,0,55705,200,,story,4,"2026-09-21 18:50:02"
254,image_gen,sdwebui-guofeng3,success,0,0,56133,200,,story,4,"2026-09-21 18:49:05"
253,prompt_translate,glm-4-flash,success,514,53,3938,200,,story,4,"2026-09-21 18:48:09"
252,image_gen,sdwebui-guofeng3,success,0,0,55817,200,,story,4,"2026-09-21 18:48:05"
251,prompt_translate,glm-4-flash,success,518,43,4089,200,,story,4,"2026-09-21 18:47:09"
250,image_gen,sdwebui-guofeng3,success,0,0,55982,200,,story,3,"2026-09-21 18:39:13"
249,image_gen,sdwebui-guofeng3,success,0,0,16275,200,,story,3,"2026-09-21 18:38:10"
248,image_gen,sdwebui-guofeng3,success,0,0,56328,200,,story,3,"2026-09-21 18:37:46"
247,image_gen,sdwebui-guofeng3,success,0,0,55886,200,,story,3,"2026-09-21 18:36:38"
246,image_gen,sdwebui-guofeng3,success,0,0,25707,200,,story,3,"2026-09-21 18:35:37"
245,image_gen,sdwebui-guofeng3,success,0,0,56200,200,,story,3,"2026-09-21 18:34:48"
244,image_gen,sdwebui-guofeng3,success,0,0,13032,200,,story,4,"2026-09-21 18:27:53"
243,prompt_translate,glm-4-flash,success,506,44,2665,200,,story,4,"2026-09-21 18:27:40"
242,image_gen,sdwebui-guofeng3,success,0,0,13366,200,,story,2,"2026-09-21 18:27:11"
241,image_gen,sdwebui-guofeng3,success,0,0,13394,200,,story,2,"2026-09-21 18:26:57"
240,image_gen,sdwebui-guofeng3,success,0,0,13050,200,,story,2,"2026-09-21 18:26:43"
239,image_gen,sdwebui-guofeng3,success,0,0,13296,200,,story,2,"2026-09-21 18:26:30"
238,image_gen,sdwebui-guofeng3,success,0,0,56253,200,,story,2,"2026-09-21 18:25:14"
237,prompt_translate,glm-4-flash,success,509,36,2001,200,,story,2,"2026-09-21 18:24:17"
236,image_gen,sdwebui-guofeng3,success,0,0,56119,200,,story,2,"2026-09-21 18:24:15"
235,prompt_translate,glm-4-flash,success,507,45,3769,200,,story,2,"2026-09-21 18:23:19"
234,image_gen,sdwebui-guofeng3,success,0,0,13743,200,,story,2,"2026-09-21 18:23:15"
233,prompt_translate,glm-4-flash,success,503,31,2164,200,,story,2,"2026-09-21 18:23:01"
232,image_gen,sdwebui-guofeng3,success,0,0,14305,200,,story,2,"2026-09-21 18:22:58"
231,prompt_translate,glm-4-flash,success,510,32,4821,200,,story,2,"2026-09-21 18:22:43"
230,image_gen,sdwebui-guofeng3,success,0,0,14479,200,,story,2,"2026-09-21 18:22:37"
229,prompt_translate,glm-4-flash,success,510,36,4167,200,,story,2,"2026-09-21 18:22:23"
228,image_gen,sdwebui-guofeng3,success,0,0,14483,200,,story,2,"2026-09-21 18:22:17"
227,prompt_translate,glm-4-flash,success,505,31,2139,200,,story,2,"2026-09-21 18:22:03"
226,image_gen,sdwebui-guofeng3,success,0,0,14214,200,,story,2,"2026-09-21 18:21:59"
225,prompt_translate,glm-4-flash,success,514,41,3227,200,,story,2,"2026-09-21 18:21:45"
224,image_gen,sdwebui-guofeng3,success,0,0,12488,200,,story,2,"2026-09-21 18:16:22"
223,image_gen,sdwebui-guofeng3,success,0,0,13073,200,,story,2,"2026-09-21 18:16:09"
222,image_gen,sdwebui-guofeng3,success,0,0,12995,200,,story,2,"2026-09-21 18:15:55"
221,image_gen,sdwebui-guofeng3,success,0,0,13188,200,,story,2,"2026-09-21 18:15:42"
220,story_generate,glm-4-flash,success,757,715,40261,200,,story,14,"2026-09-21 17:58:01"
219,image_gen,sdwebui-guofeng3,success,0,0,55853,200,,story,6,"2026-09-21 17:56:01"
218,image_gen,sdwebui-guofeng3,success,0,0,55424,200,,story,6,"2026-09-21 17:55:04"
217,image_gen,sdwebui-guofeng3,success,0,0,56181,200,,story,5,"2026-09-21 17:51:58"
216,image_gen,sdwebui-guofeng3,success,0,0,56230,200,,story,5,"2026-09-21 17:51:01"
215,image_gen,sdwebui-guofeng3,success,0,0,56398,200,,story,5,"2026-09-21 17:50:04"
214,image_gen,sdwebui-guofeng3,success,0,0,56789,200,,story,5,"2026-09-21 17:49:07"
213,image_gen,sdwebui-guofeng3,success,0,0,55427,200,,story,4,"2026-09-21 17:47:59"
212,prompt_translate,glm-4-flash,success,505,29,1747,200,,story,4,"2026-09-21 17:47:03"
211,image_gen,sdwebui-guofeng3,success,0,0,55393,200,,story,4,"2026-09-21 17:47:01"
210,prompt_translate,glm-4-flash,success,509,40,4239,200,,story,4,"2026-09-21 17:46:06"
209,image_gen,sdwebui-guofeng3,success,0,0,55555,200,,story,4,"2026-09-21 17:46:01"
208,prompt_translate,glm-4-flash,success,509,40,3746,200,,story,4,"2026-09-21 17:45:05"
207,image_gen,sdwebui-guofeng3,success,0,0,55368,200,,story,4,"2026-09-21 17:45:01"
206,prompt_translate,glm-4-flash,success,511,42,3263,200,,story,4,"2026-09-21 17:44:06"
205,image_gen,sdwebui-guofeng3,success,0,0,57238,200,,story,3,"2026-09-21 17:39:13"
204,image_gen,sdwebui-guofeng3,success,0,0,57316,200,,story,3,"2026-09-21 17:38:15"
203,image_gen,sdwebui-guofeng3,success,0,0,56573,200,,story,3,"2026-09-21 17:37:17"
202,image_gen,sdwebui-guofeng3,success,0,0,57259,200,,story,3,"2026-09-21 17:36:20"
201,image_gen,sdwebui-guofeng3,success,0,0,57173,200,,story,2,"2026-09-21 17:35:22"
200,prompt_translate,glm-4-flash,success,509,36,2643,200,,story,2,"2026-09-21 17:34:25"
199,image_gen,sdwebui-guofeng3,success,0,0,13876,200,,story,5,"2026-09-21 17:29:51"
198,prompt_translate,glm-4-flash,success,501,45,5201,200,,story,5,"2026-09-21 17:29:38"
197,image_gen,sdwebui-guofeng3,success,0,0,12594,200,,story,6,"2026-09-21 17:29:32"
196,prompt_translate,glm-4-flash,success,504,29,2223,200,,story,6,"2026-09-21 17:29:19"
195,image_gen,sdwebui-guofeng3,success,0,0,13788,200,,story,6,"2026-09-21 17:18:02"
194,prompt_translate,glm-4-flash,success,504,28,2441,200,,story,6,"2026-09-21 17:17:48"
193,image_gen,sdwebui-guofeng3,success,0,0,13855,200,,story,6,"2026-09-21 17:17:46"
192,prompt_translate,glm-4-flash,success,504,38,4822,200,,story,6,"2026-09-21 17:17:32"
191,image_gen,sdwebui-guofeng3,success,0,0,13341,200,,story,6,"2026-09-21 17:17:15"
190,prompt_translate,glm-4-flash,success,506,32,2463,200,,story,6,"2026-09-21 17:17:02"
189,image_gen,sdwebui-guofeng3,success,0,0,14023,200,,story,6,"2026-09-21 17:16:59"
188,prompt_translate,glm-4-flash,success,509,35,3444,200,,story,6,"2026-09-21 17:16:45"
187,image_gen,sdwebui-guofeng3,success,0,0,19800,200,,story,6,"2026-09-21 17:16:41"
186,prompt_translate,glm-4-flash,success,511,30,2980,200,,story,6,"2026-09-21 17:16:21"
185,image_gen,sdwebui-guofeng3,success,0,0,9580,200,,story,4,"2026-09-20 14:43:14"
184,image_gen,sdwebui-guofeng3,success,0,0,9564,200,,story,2,"2026-09-20 14:43:04"
183,image_gen,sdwebui-guofeng3,success,0,0,9545,200,,story,2,"2026-09-20 14:42:54"
182,image_gen,sdwebui-guofeng3,success,0,0,9493,200,,story,2,"2026-09-20 14:42:44"
181,image_gen,sdwebui-guofeng3,success,0,0,9594,200,,story,2,"2026-09-20 14:42:34"
180,image_gen,sdwebui-guofeng3,success,0,0,10511,200,,story,4,"2026-09-20 14:32:24"
179,image_gen,sdwebui-guofeng3,success,0,0,10577,200,,story,4,"2026-09-20 14:32:13"
178,image_gen,sdwebui-guofeng3,success,0,0,10793,200,,story,4,"2026-09-20 14:32:02"
177,image_gen,sdwebui-guofeng3,success,0,0,10414,200,,story,4,"2026-09-20 14:31:51"
176,image_gen,sdwebui-guofeng3,success,0,0,10441,200,,story,4,"2026-09-20 14:31:40"
175,image_gen,sdwebui-guofeng3,success,0,0,10340,200,,story,4,"2026-09-20 14:31:29"
174,image_gen,sdwebui-guofeng3,success,0,0,10833,200,,story,2,"2026-09-20 14:31:06"
173,image_gen,sdwebui-guofeng3,success,0,0,10722,200,,story,2,"2026-09-20 14:30:54"
172,image_gen,sdwebui-guofeng3,success,0,0,10695,200,,story,2,"2026-09-20 14:30:43"
171,image_gen,sdwebui-guofeng3,success,0,0,10578,200,,story,2,"2026-09-20 14:30:32"
170,image_gen,sdwebui-guofeng3,success,0,0,10554,200,,story,2,"2026-09-20 14:30:21"
169,image_gen,sdwebui-guofeng3,success,0,0,10563,200,,story,2,"2026-09-20 14:30:10"
168,image_gen,sdwebui-guofeng3,success,0,0,10256,200,,story,2,"2026-09-20 14:22:44"
167,image_gen,sdwebui-guofeng3,success,0,0,10246,200,,story,2,"2026-09-20 14:22:33"
166,image_gen,sdwebui-guofeng3,success,0,0,9515,200,,story,2,"2026-09-20 14:22:22"
165,image_gen,sdwebui-guofeng3,success,0,0,9550,200,,story,2,"2026-09-20 14:22:12"
164,image_gen,sdwebui-guofeng3,success,0,0,10244,200,,story,2,"2026-09-20 14:22:02"
163,image_gen,sdwebui-guofeng3,success,0,0,9562,200,,story,2,"2026-09-20 14:21:51"
162,image_gen,sdwebui-guofeng3,success,0,0,10232,200,,story,4,"2026-09-20 14:19:37"
161,image_gen,sdwebui-guofeng3,success,0,0,10226,200,,story,4,"2026-09-20 14:19:26"
160,image_gen,sdwebui-guofeng3,success,0,0,10071,200,,story,4,"2026-09-20 14:19:15"
159,image_gen,sdwebui-guofeng3,success,0,0,9842,200,,story,4,"2026-09-20 14:19:05"
158,image_gen,sdwebui-guofeng3,success,0,0,9731,200,,story,4,"2026-09-20 14:18:54"
157,image_gen,sdwebui-guofeng3,success,0,0,9635,200,,story,4,"2026-09-20 14:18:44"
156,image_gen,sdwebui-guofeng3,success,0,0,10098,200,,story,2,"2026-09-20 14:10:46"
155,image_gen,sdwebui-guofeng3,success,0,0,9438,200,,story,2,"2026-09-20 14:10:35"
154,image_gen,sdwebui-guofeng3,success,0,0,9874,200,,story,4,"2026-09-20 14:10:25"
153,image_gen,sdwebui-guofeng3,success,0,0,9878,200,,story,2,"2026-09-20 14:07:13"
152,image_gen,sdwebui-guofeng3,success,0,0,9949,200,,story,2,"2026-09-20 14:07:02"
151,image_gen,sdwebui-guofeng3,success,0,0,10193,200,,story,4,"2026-09-20 14:06:52"
150,image_gen,sdwebui-guofeng3,success,0,0,10468,200,,story,6,"2026-09-20 13:54:59"
149,image_gen,sdwebui-guofeng3,success,0,0,10417,200,,story,6,"2026-09-20 13:54:48"
148,image_gen,sdwebui-guofeng3,success,0,0,10534,200,,story,6,"2026-09-20 13:54:37"
147,image_gen,sdwebui-guofeng3,success,0,0,10536,200,,story,6,"2026-09-20 13:54:26"
146,image_gen,sdwebui-guofeng3,success,0,0,10459,200,,story,6,"2026-09-20 13:54:15"
145,image_gen,sdwebui-guofeng3,success,0,0,9565,200,,story,6,"2026-09-20 13:52:16"
144,prompt_translate,glm-4-flash,success,443,33,2323,200,,story,6,"2026-09-20 13:52:07"
143,image_gen,sdwebui-guofeng3,success,0,0,10440,200,,story,6,"2026-09-20 13:52:04"
142,prompt_translate,glm-4-flash,success,450,49,5208,200,,story,6,"2026-09-20 13:51:53"
141,image_gen,sdwebui-guofeng3,success,0,0,9521,200,,story,6,"2026-09-20 13:51:48"
140,prompt_translate,glm-4-flash,success,453,37,3823,200,,story,6,"2026-09-20 13:51:38"
139,image_gen,sdwebui-guofeng3,success,0,0,10634,200,,story,5,"2026-09-20 13:50:49"
138,prompt_translate,glm-4-flash,success,445,32,2837,200,,story,5,"2026-09-20 13:50:39"
137,image_gen,sdwebui-guofeng3,success,0,0,10650,200,,story,5,"2026-09-20 13:50:36"
136,prompt_translate,glm-4-flash,success,441,38,1931,200,,story,5,"2026-09-20 13:50:25"
135,image_gen,sdwebui-guofeng3,success,0,0,10670,200,,story,5,"2026-09-20 13:50:22"
134,prompt_translate,glm-4-flash,success,441,40,2707,200,,story,5,"2026-09-20 13:50:12"
133,image_gen,sdwebui-guofeng3,success,0,0,10625,200,,story,5,"2026-09-20 13:50:09"
132,prompt_translate,glm-4-flash,success,444,43,4327,200,,story,5,"2026-09-20 13:49:58"
131,image_gen,sdwebui-guofeng3,success,0,0,9460,200,,story,5,"2026-09-20 13:49:38"
130,prompt_translate,glm-4-flash,success,446,35,3193,200,,story,5,"2026-09-20 13:49:28"
129,image_gen,sdwebui-guofeng3,success,0,0,10570,200,,story,5,"2026-09-20 13:49:25"
128,prompt_translate,glm-4-flash,success,447,41,2412,200,,story,5,"2026-09-20 13:49:14"
127,image_gen,sdwebui-guofeng3,success,0,0,10327,200,,story,5,"2026-09-20 13:49:11"
126,prompt_translate,glm-4-flash,success,452,35,2406,200,,story,5,"2026-09-20 13:49:01"
125,image_gen,sdwebui-guofeng3,success,0,0,9549,200,,story,4,"2026-09-20 13:48:58"
124,prompt_translate,glm-4-flash,success,445,29,2846,200,,story,4,"2026-09-20 13:48:48"
123,image_gen,sdwebui-guofeng3,success,0,0,9648,200,,story,4,"2026-09-20 13:48:03"
122,prompt_translate,glm-4-flash,success,449,39,3488,200,,story,4,"2026-09-20 13:47:54"
121,image_gen,sdwebui-guofeng3,success,0,0,9729,200,,story,4,"2026-09-20 13:47:50"
120,prompt_translate,glm-4-flash,success,446,32,2422,200,,story,4,"2026-09-20 13:47:40"
119,image_gen,sdwebui-guofeng3,success,0,0,9829,200,,story,4,"2026-09-20 13:47:37"
118,prompt_translate,glm-4-flash,success,449,45,3667,200,,story,4,"2026-09-20 13:47:27"
117,image_gen,sdwebui-guofeng3,success,0,0,9662,200,,story,4,"2026-09-20 13:47:23"
116,prompt_translate,glm-4-flash,success,451,43,2994,200,,story,4,"2026-09-20 13:47:14"
115,image_gen,sdwebui-guofeng3,success,0,0,9763,200,,story,4,"2026-09-20 13:46:58"
114,prompt_translate,glm-4-flash,success,454,44,3282,200,,story,4,"2026-09-20 13:46:49"
113,image_gen,sdwebui-guofeng3,success,0,0,9740,200,,story,4,"2026-09-20 13:46:45"
112,prompt_translate,glm-4-flash,success,458,43,3251,200,,story,4,"2026-09-20 13:46:35"
111,image_gen,sdwebui-guofeng3,success,0,0,10409,200,,story,3,"2026-09-20 13:46:32"
110,prompt_translate,glm-4-flash,success,450,35,2277,200,,story,3,"2026-09-20 13:46:21"
109,image_gen,sdwebui-guofeng3,success,0,0,10400,200,,story,3,"2026-09-20 13:46:18"
108,prompt_translate,glm-4-flash,success,448,30,2316,200,,story,3,"2026-09-20 13:46:08"
107,image_gen,sdwebui-guofeng3,success,0,0,10393,200,,story,3,"2026-09-20 13:45:55"
106,prompt_translate,glm-4-flash,success,445,30,2140,200,,story,3,"2026-09-20 13:45:44"
105,image_gen,sdwebui-guofeng3,success,0,0,10317,200,,story,3,"2026-09-20 13:45:42"
104,prompt_translate,glm-4-flash,success,448,33,3029,200,,story,3,"2026-09-20 13:45:31"
103,image_gen,sdwebui-guofeng3,success,0,0,9527,200,,story,3,"2026-09-20 13:45:28"
102,prompt_translate,glm-4-flash,success,448,30,2886,200,,story,3,"2026-09-20 13:45:18"
101,image_gen,sdwebui-guofeng3,success,0,0,10317,200,,story,3,"2026-09-20 13:45:15"
100,prompt_translate,glm-4-flash,success,447,41,3690,200,,story,3,"2026-09-20 13:45:05"
99,image_gen,sdwebui-guofeng3,success,0,0,10508,200,,story,3,"2026-09-20 13:44:52"
98,prompt_translate,glm-4-flash,success,453,47,3364,200,,story,3,"2026-09-20 13:44:42"
97,image_gen,sdwebui-guofeng3,success,0,0,10705,200,,story,2,"2026-09-20 13:44:38"
96,prompt_translate,glm-4-flash,success,449,36,3621,200,,story,2,"2026-09-20 13:44:27"
95,image_gen,sdwebui-guofeng3,success,0,0,10560,200,,story,2,"2026-09-20 13:44:23"
94,prompt_translate,glm-4-flash,success,447,41,3157,200,,story,2,"2026-09-20 13:44:13"
93,image_gen,sdwebui-guofeng3,success,0,0,9544,200,,story,2,"2026-09-20 13:44:09"
92,prompt_translate,glm-4-flash,success,443,31,2628,200,,story,2,"2026-09-20 13:44:00"
91,image_gen,sdwebui-guofeng3,success,0,0,9478,200,,story,2,"2026-09-20 13:43:30"
90,prompt_translate,glm-4-flash,success,450,36,2654,200,,story,2,"2026-09-20 13:43:21"
89,image_gen,sdwebui-guofeng3,success,0,0,10534,200,,story,2,"2026-09-20 13:43:18"
88,prompt_translate,glm-4-flash,success,450,33,2535,200,,story,2,"2026-09-20 13:43:07"
87,image_gen,sdwebui-guofeng3,success,0,0,9551,200,,story,2,"2026-09-20 13:43:04"
86,prompt_translate,glm-4-flash,success,445,34,2894,200,,story,2,"2026-09-20 13:42:55"
85,image_gen,sdwebui-guofeng3,success,0,0,10671,200,,story,2,"2026-09-20 13:42:51"
84,prompt_translate,glm-4-flash,success,454,40,2999,200,,story,2,"2026-09-20 13:42:41"
83,character_extract,glm-4-flash,success,357,158,9428,200,,story,6,"2026-09-20 13:42:08"
82,character_extract,glm-4-flash,success,345,188,9632,200,,story,5,"2026-09-20 13:41:59"
81,character_extract,glm-4-flash,success,362,105,6964,200,,story,4,"2026-09-20 13:41:48"
80,character_extract,glm-4-flash,success,349,145,7925,200,,story,3,"2026-09-20 13:41:41"
79,character_extract,glm-4-flash,success,355,272,16033,200,,story,2,"2026-09-20 13:41:33"
78,image_gen,sdwebui-guofeng3,success,0,0,52917,200,,story,7,"2026-09-20 13:39:16"
77,image_gen,sdwebui-guofeng3,success,0,0,9351,200,,story,7,"2026-09-20 13:32:45"
76,prompt_translate,glm-4-flash,success,457,30,3285,200,,story,7,"2026-09-20 13:32:36"
75,image_gen,sdwebui-guofeng3,success,0,0,52825,200,,story,7,"2026-09-20 13:32:32"
74,prompt_translate,glm-4-flash,success,460,46,2322,200,,story,7,"2026-09-20 13:31:39"
73,image_gen,sdwebui-guofeng3,success,0,0,9499,200,,story,7,"2026-09-20 13:24:28"
72,prompt_translate,glm-4-flash,success,444,46,4580,200,,story,7,"2026-09-20 13:24:18"
71,image_gen,sdwebui-guofeng3,success,0,0,52765,200,,story,7,"2026-09-20 13:22:37"
70,prompt_translate,glm-4-flash,success,444,44,5943,200,,story,7,"2026-09-20 13:21:44"
69,image_gen,sdwebui-guofeng3,success,0,0,53167,200,,story,7,"2026-09-20 13:21:04"
68,prompt_translate,glm-4-flash,success,366,45,2431,200,,story,7,"2026-09-20 13:20:11"
67,image_gen,sdwebui-guofeng3,success,0,0,9590,200,,story,7,"2026-09-20 13:20:08"
66,prompt_translate,glm-4-flash,success,360,34,2371,200,,story,7,"2026-09-20 13:19:58"
65,image_gen,sdwebui-guofeng3,success,0,0,52754,200,,story,7,"2026-09-20 13:19:56"
64,prompt_translate,glm-4-flash,success,358,46,2890,200,,story,7,"2026-09-20 13:19:03"
63,image_gen,sdwebui-guofeng3,success,0,0,53015,200,,story,7,"2026-09-20 13:19:00"
62,prompt_translate,glm-4-flash,success,361,48,3761,200,,story,7,"2026-09-20 13:18:06"
61,image_gen,sdwebui-guofeng3,success,0,0,52518,200,,story,7,"2026-09-20 13:18:02"
60,prompt_translate,glm-4-flash,success,356,29,2475,200,,story,7,"2026-09-20 13:17:10"
59,image_gen,sdwebui-guofeng3,success,0,0,52806,200,,story,7,"2026-09-20 13:08:21"
58,prompt_translate,glm-4-flash,success,313,44,3295,200,,story,7,"2026-09-20 13:07:28"
57,image_gen,sdwebui-guofeng3,success,0,0,52864,200,,story,7,"2026-09-20 13:06:26"
56,prompt_translate,glm-4-flash,success,298,47,2779,200,,story,7,"2026-09-20 13:05:33"
55,image_gen,sdwebui-guofeng3,success,0,0,52366,200,,story,7,"2026-09-20 13:04:54"
54,prompt_translate,glm-4-flash,success,292,33,3211,200,,story,7,"2026-09-20 13:04:01"
53,image_gen,sdwebui-guofeng3,success,0,0,52716,200,,story,7,"2026-09-20 13:03:58"
52,prompt_translate,glm-4-flash,success,290,44,3316,200,,story,7,"2026-09-20 13:03:05"
51,image_gen,sdwebui-guofeng3,success,0,0,52726,200,,story,7,"2026-09-20 13:03:01"
50,prompt_translate,glm-4-flash,success,293,45,3393,200,,story,7,"2026-09-20 13:02:08"
49,image_gen,sdwebui-guofeng3,success,0,0,52599,200,,story,7,"2026-09-20 13:02:04"
48,prompt_translate,glm-4-flash,success,288,30,2565,200,,story,7,"2026-09-20 13:01:12"
47,image_gen,sdwebui-guofeng3,success,0,0,53018,200,,story,7,"2026-09-20 12:57:55"
46,prompt_translate,glm-4-flash,success,298,43,2428,200,,story,7,"2026-09-20 12:57:02"
45,image_gen,sdwebui-guofeng3,success,0,0,31631,200,,story,7,"2026-09-20 12:44:19"
44,image_gen,sdwebui-guofeng3,success,0,0,14675,200,,story,7,"2026-09-19 19:44:42"
43,image_gen,sdwebui-guofeng3,success,0,0,13734,200,,story,7,"2026-09-19 19:31:35"
42,image_gen,sdwebui-guofeng3,success,0,0,24380,200,,story,7,"2026-09-19 19:25:29"
41,image_gen,sdwebui-guofeng3,success,0,0,13571,200,,story,7,"2026-09-19 19:09:29"
40,prompt_translate,glm-4-flash,success,291,29,2388,200,,story,7,"2026-09-19 19:09:16"
39,image_gen,sdwebui-guofeng3,success,0,0,13739,200,,story,7,"2026-09-19 19:07:39"
38,prompt_translate,glm-4-flash,success,242,46,4343,200,,story,7,"2026-09-19 19:07:26"
37,image_gen,sdwebui-guofeng3,success,0,0,57022,200,,story,7,"2026-09-19 19:05:16"
36,prompt_translate,glm-4-flash,success,188,45,3052,200,,story,7,"2026-09-19 19:04:19"
35,image_gen,sdwebui-guofeng3,success,0,0,57130,200,,story,7,"2026-09-19 18:56:31"
34,prompt_translate,glm-4-flash,success,90,34,2204,200,,story,7,"2026-09-19 18:55:33"
33,image_gen,sdwebui-guofeng3,success,0,0,56956,200,,story,7,"2026-09-19 18:54:27"
32,prompt_translate,glm-4-flash,success,91,19,2648,200,,story,7,"2026-09-19 18:53:30"
31,image_gen,sdwebui-guofeng3,success,0,0,58032,200,,story,7,"2026-09-19 18:45:38"
30,image_gen,sdwebui-guofeng3,success,0,0,57212,200,,story,7,"2026-09-19 16:27:58"
29,image_gen,sdwebui-guofeng3,success,0,0,65064,200,,story,7,"2026-09-19 16:25:01"
28,image_gen,cogview,success,0,0,10098,200,,story,7,"2026-09-19 16:18:36"
27,image_gen,sdwebui-guofeng3,error,0,0,57256,,"HTTP 500(SD WebUI 未启动?)",story,7,"2026-09-19 16:18:26"
26,image_gen,cogview,success,0,0,9840,200,,story,7,"2026-09-19 16:15:51"
25,image_gen,sdwebui-guofeng3,error,0,0,45811,,"HTTP 500(SD WebUI 未启动?)",story,7,"2026-09-19 16:15:42"
24,image_gen,sdwebui-guofeng3,success,0,0,56667,200,,story,7,"2026-09-19 16:08:10"
23,image_gen,sdwebui-guofeng3,success,0,0,42007,200,,story,7,"2026-09-19 15:59:30"
22,story_generate,glm-4-flash,success,757,693,42456,200,,story,13,"2026-09-19 15:21:15"
21,story_generate,glm-4-flash,success,834,727,33214,200,,story,12,"2026-09-19 15:10:39"
20,image_gen,sdwebui-guofeng3,success,0,0,26973,200,,story,7,"2026-09-19 14:58:49"
19,image_gen,cogview,success,0,0,9272,200,,story,7,"2026-09-18 14:55:32"
18,image_gen,sdwebui-guofeng3,error,0,0,2042,,"Failed to connect to 127.0.0.1 port 7860: Connection refused",story,7,"2026-09-18 14:55:23"
17,character_extract,glm-4-flash,success,342,147,8672,200,,story,7,"2026-09-18 14:55:20"
16,character_extract,glm-4-flash,success,309,147,9830,200,,story,7,"2026-09-18 14:54:11"
15,image_gen,glm-4-flash,success,0,0,7427,200,,story,7,"2026-09-18 14:20:58"
14,image_gen,glm-4-flash,success,0,0,8297,200,,story,7,"2026-09-18 14:20:03"
13,story_generate,glm-4-flash,success,735,535,28662,200,,story,11,"2026-09-18 13:33:57"
12,image_gen,glm-4-flash,success,0,0,8140,200,,story,7,"2026-09-18 13:31:01"
11,story_generate,glm-4-flash,success,671,630,42523,200,,story,10,"2026-09-18 13:30:40"
10,story_generate,glm-4-flash,success,705,577,26686,200,,story,9,"2026-09-18 13:18:42"
9,page_polish,glm-4-flash,success,165,44,2867,200,,story,1,"2026-09-18 13:17:32"
8,image_gen,glm-4-flash,error,0,0,0,,"未配置 GLM_API_KEY",story,7,"2026-09-18 12:58:23"
7,story_generate,glm-4-flash,fallback,0,0,0,,"未配置 GLM_API_KEY",story,8,"2026-09-18 12:43:16"
6,story_generate,glm-4-flash,fallback,0,0,0,,"未配置 GLM_API_KEY",story,7,"2026-09-17 20:34:21"
5,story_generate,glm-4-flash,fallback,0,0,0,,"未配置 GLM_API_KEY",story,6,"2026-09-16 21:24:04"
4,story_generate,glm-4-flash,fallback,0,0,0,,"未配置 GLM_API_KEY",story,5,"2026-09-16 20:25:39"
3,story_generate,glm-4-flash,fallback,0,0,0,,"未配置 GLM_API_KEY",story,4,"2026-09-16 20:25:29"
2,story_generate,glm-4-flash,fallback,0,0,0,,"未配置 GLM_API_KEY",story,3,"2026-09-16 19:27:26"
1,story_generate,glm-4-flash,fallback,0,0,0,,"未配置 GLM_API_KEY",story,2,"2026-09-16 19:26:52"
